"ID";"NominationYear";"Name";"Author";"PubYear";"AgeLimit";"PublishingHouse";"LitPrizeName";"Nomination";"global_id";
"1";"2017";"F20";"Анна Юрьевна Козлова";"2016";"18+";"Рипол Классик";"Национальный бестселлер";"Лучший роман, написанный на русском языке в течение календарного года";"881369459";
"2";"2017";"Патриот";"Андрей Викторович Рубанов";"2017";"18+";"АСТ";"Ясная поляна";"Современная русская проза";"881369518";
"3";"2016";"И с тех пор не расставались. Истории страшные, трогательные и страшно трогательные";"Лея Давидовна Любомирская";"2016";"16+";"АСТ";"Русская премия";"Малая проза 2 место";"881369546";
"4";"2016";"Открытый финал";"Андрей Валентинович Жвалевский Евгения Борисовна Пастернак";"2016";"12+";"Время";"Русская премия";"Малая проза 3 место";"881369570";
"5";"2016";"Тайный год";"Михаил Георгиевич Гиголашвили";"2017";"18+";"АСТ";"Русская премия";"Крупная проза 1 место";"881369580";
"6";"2017";"Ленин. Пантократор солнечных пылинок";"Лев Александрович Данилкин";"2017";"18+";"Молодая гвардия";"Большая книга";"1 место";"881369583";
"7";"2017";"Неизвестность";"Аексей Иванович Слаповский";"2017";"18+";"АСТ";"Большая книга";"Шорт-лист";"881369589";
"8";"2017";"Город Брежнев";"Шамиль Идиатуллин";"2017";"18+";"Азбука";"Большая книга";"3 место";"881369628";
"9";"2017";"Катаев: «Погоня за вечной весной»";"Сергей Александрович Шаргунов";"2016";"18+";"Молодая гвардия";"Большая книга";"2 место";"881369634";
"10";"2017";"Соколиный рубеж";"Сергей Анатольевич Самсонов";"2017";"18+";"Рипол Классик";"Большая книга";"Шорт-лист";"881369641";
"11";"2017";"Современная литература народов России. Поэзия";"";"2017";"16+";"ОГИ";"Книга года";"Книга года";"881369685";
"12";"2017";"Найди и покажи на Руси. 700 слов в помощь школьнику";"Светлана Воскресенская";"2017";"5+";"Клевер-медиа-групп";"Книга года";"Вместе с книгой мы растём";"881369776";
"13";"2017";"Песнь тунгуса";"Олег Николаевич Ермаков";"2017";"18+";"Время";"Ясная поляна";"Специальный приз Samsung";"881369857";
"14";"2017";"Заххок";"Владимир Медведев";"2017";"18+";"ArsisBooks";"Русский букер";"Шорт-лист";"881370083";
"15";"2017";"Иван Ауслендер";"Герман Умаралиевич Садулаев";"2017";"18+";"АСТ";"Ясная поляна";"Шорт-лист";"881370171";
"16";"2017";"Скромный герой";"Марио Варгас Льоса";"2016";"18+";"Азбука";"Ясная поляна";"Иностранная литература";"881370174";
"17";"2017";"С ума сойти! Путеводитель по психическим расстройствам для жителя большого город";"Дарья Варламова";"2017";"18+";"Альпина Паблишер";"Просветитель";"Естественные и точные науки";"881370221";
"18";"2017";"Достающее звено (в двух томах). Книга первая. Обезьяна и все-все-все.";"Станислав Владимирович Дробышевский";"2017";"18+";"Альпина Паблишер";"Просветитель";"Шорт-лист";"881370234";
"19";"2017";"Достающее звено (в двух томах). Книга вторая. Люди.";"Дробышевский Станислав Владимирович";"2017";"18+";"Альпина Паблишер";"Просветитель";"Шорт-лист";"881370255";
"20";"2017";"В интернете кто-то неправ! Научные исследования спорных вопросов";"Ася Казанцева";"2016";"18+";"АСТ";"Просветитель";"Шорт-лист";"881370262";
"21";"2017";"Кому нужна математика? Понятная книга о том, как устроен цифровой мир";"Нелли Литвак";"2017";"18+";"Манн, Иванов и Фербер";"Просветитель";"Шорт-лист";"881370270";
"22";"2017";"Конструирование языков. От эсперанто до дотракийского";"Александр Чедович Пиперски";"2017";"18+";"Альпина нон-фикшн";"Просветитель";"Гуманитарные науки";"881370280";
"23";"2017";"Изобретено в России. История русской изобретательской мысли от Петра I до Николая II";"Тим Юрьевич Скоренко";"2017";"18+";"Альпина нон-фикшн";"Просветитель";"Шорт-лист";"881370309";
"24";"2017";"Свидание с Квазимодо";"Александр Мелихов";"2016";"18+";"Эксмо";"Русский букер";"Шорт-лист";"881370350";
"25";"2017";"Голомяное пламя";"Дмитрий Новиков";"2017";"18+";"АСТ";"Русский букер";"Шорт-лист";"881370369";
"26";"2016";"Удалить эту запись?";"Лариса Романовская";"2017";"12+";"Самокат";"Книгуру";"3 место";"881370384";
"27";"2017";"Брат-юннат";"Станислав Владимирович Востоков";"2017";"6+";"Белая ворона";"Книгуру";"3 место";"881370394";
"28";"2017";"Правило 69 для толстой чайки";"Дарья Варденбург";"2017";"12+";"Самокат";"Международная детская литературная премия имени В.П.Крапивина";"Лауреат";"881370431";
"29";"2017";"Ворон";"Евгений Рудашевский";"2017";"12+";"КомпасГид";"Международная детская литературная премия имени В.П.Крапивина";"Лауреат";"881370452";
"30";"2016";"Фея Бориса Ларисовна";"Татьяна Русакова";"2017";"5+";"Росмэн";"Новая детская книга";"Внеклассные истории";"881370462";
"31";"2016";"Макабр. Игра в сумерках";"Мила Нокс";"2017";"12+";"Росмэн";"Новая детская книга";"Мир фэнтези";"881370479";
"32";"2016";"Мироискатели. Паутина Старого Города";"Алек Вольских";"2017";"12+";"Росмэн";"Новая детская книга";"Выбор Terra Incognita";"881370495";
"33";"2017";"Текст";"Дмитрий Алексеевич Глуховский";"2017";"18+";"АСТ";"НОС";"Шорт-лист";"881370509";
"34";"2017";"Манарага";"Владимир Сорокин";"2017";"18+";"АСТ";"НОС";"Шорт-лист";"881376449";
"35";"2017";"Головастик и святые";"Андрей Филимонов";"2017";"18+";"Рипол Классик";"НОС";"Шорт-лист";"881376478";
"36";"2017";"iPhuck 10";"Виктор Олегович Пелевин";"2017";"18+";"Эксмо";"Премия А. Белого";"Шорт-лист";"881376490";
"37";"2017";"Анатомия архитектуры. Семь книг о логике, форме и смысле";"Сергей Кавтарадзе";"2017";"18+";"ВШЭ";"Премия А. Белого";"Шорт-лист";"881376496";
"38";"2017";"Новая модель реальности";"Вадим Руднев";"2016";"18+";"ВШЭ";"Премия А. Белого";"Шорт-лист";"881376512";
"39";"2017";"Родина";"Елена Долгопят";"2016";"18+";"Рипол Классик";"Национальный бестселлер";"Шорт-лист";"881376515";
"40";"2017";"Вот и хорошо!";"Кира Стрельникова";"2016";"6+";"Настя и Никита";"Литературная премия имени С.Маршака";"Дебют";"881376516";
"41";"2017";"Солнце на дороге";"Андрей Максимов";"2017";"12+";"Детская литература";"Международный конкурс им. С. Михалкова";"3 место";"881376517";
"42";"2016";"Зимняя дорога";"Леонид Абрамович Юзефович";"2016";"18+";"АСТ";"Большая книга";"1 место";"881376519";
"43";"2016";"Крепость";"Петр Маркович Алешковский";"2015";"18+";"АСТ";"Русский букер";"Лауреат";"881376526";
"44";"2016";"Авиатор";"Водолазкин Евгений Германович";"2016";"16+";"АСТ";"Большая книга";"2 место";"881376534";
"45";"2016";"С неба упали три яблока";"Абгарян Наринэ Юрьевна";"2015";"16+";"АСТ";"Ясная поляна";"Современная русская проза";"881376536";
"46";"2016";"Поклонение волхвов";"Сухбат Афлатуни";"2016";"16+";"Рипол Классик";"Ясная поляна";"Шорт-лист";"881376539";
"47";"2016";"Гранатовый остров";"Владимир Эйснер";"2015";"18+";"Написано пером";"Ясная поляна";"Шорт-лист";"881376545";
"48";"2016";"Мягкая ткань. Книга вторая: Сукно";"Борис Дорианович Минаев";"2016";"18+";"Время";"Ясная поляна";"Шорт-лист";"881376547";
"49";"2016";"Мягкая ткань. Книга первая: Батист";"Борис Дорианович Минаев";"2015";"18+";"Время";"Ясная поляна";"Шорт-лист";"881376548";
"50";"2016";"Мои странные мысли";"Памук Орхан";"2016";"18+";"Азбука";"Ясная поляна";"Иностранная литература";"881376549";
"51";"2016";"Ты, главное, пиши о любви";"Москвина Марина Львовна Говорова Юлия";"2016";"12+";"Гаятри";"Ясная поляна";"Шорт-лист";"881376562";
"52";"2016";"Лесник и его нимфа";"Марина Нефедова";"2016";"12+";"Никея";"Ясная поляна";"Детство. Отрочество. Юность.";"881376594";
"53";"2016";"Дети ворона";"Юлия Яковлева";"2016";"12+";"Самокат";"Ясная поляна";"Шорт-лист";"881376630";
"54";"2016";"Люди августа";"Сергей Сергеевич Лебедев";"2015";"18+";"Альпина Паблишер";"Русский букер";"Шорт-лист";"881376654";
"55";"2016";"И нет им воздаяния";"Александр Мотелевич Мелихов";"2015";"18+";"Эксмо";"Русский букер";"Шорт-лист";"881376676";
"56";"2016";"Песни драконов. Любовь и приключения в мире крокодилов и прочих динозавровых родственников";"Владимир Леонидович Динец";"2015";"18+";"АСТ";"Большая книга";"Шорт-лист";"881376699";
"57";"2016";"Введение в поведение";"Борис Борисович Жуков";"2016";"18+";"АСТ";"Просветитель";"Шорт-лист";"881376707";
"58";"2016";"Сумма биотехнологии";"Александр Панчин";"2015";"18+";"АСТ";"Просветитель";"Естественные и точные науки";"881376715";
"59";"2016";"Что такое Африка";"Кирилл Владимирович Бабаев Александра Александровна Архангельская";"2015";"16+";"Рипол Классик";"Просветитель";"Шорт-лист";"881376759";
"60";"2016";"Анатомия архитектуры. Семь книг о логике, форме и смысле";"Сергей Кавтарадзе";"2016";"18+";"Издательский Дом ВШЭ";"Просветитель";"Гуманитарные науки";"881376781";
"61";"2016";"Мужчина и Женщина: тело, мода, культура. СССР – Оттепель";"Наталия Борисовна Лебина";"2014";"18+";"Новое литературное обозрение";"Просветитель";"Шорт-лист";"881376798";
"62";"2016";"Появление героя. Из истории русской эмоциональной культуры конца XVIII – начала XIX века";"Андрей Леонидович Зорин";"2016";"18+";"Новое литературное обозрение";"Просветитель";"Лонг-лист";"881376824";
"63";"2016";"Ненастье";"Алексей Иванов";"2015";"18+";"АСТ";"Книга года";"Проза";"881376854";
"64";"2016";"Рассказы о животных";"Сергей Солоух";"2016";"18+";"Время";"Большая книга";"Шорт-лист";"881376872";
"65";"2016";"Травля";"Саша Филипенко";"2016";"18+";"Время";"Большая книга";"Шорт-лист";"881378748";
"66";"2016";"Чашка по-английски";"Григорий Михайлович Кружков";"2016";"6+";"Нигма";"Книга года";"Вместе с книгой мы растём";"881379726";
"67";"2018";"Памяти памяти";"Мария Степанова";"2017";"18+";"Новое издательства";"Большая книга и Литературная премия НОС (новая словесность)";"За лучшее прозаическое произведение большой формы - 1 премия";"919204439";
"68";"2018";"Бюро проверки";"Александр Архангельский";"2018";"18+";"АСТ";"Большая книга";"За лучшее прозаическое произведение большой формы - 2 премия";"919204441";
"69";"2018";"Июнь";"Дмитрий Быков";"2018";"18+";"АСТ";"Большая книга";"За лучшее прозаическое произведение большой формы - 3 премия";"919204442";
"70";"2018";"Театр отчаяния. Отчаянный театр";"Евгений Гришковец";"2018";"18+";"КоЛибри. Азбука Аттикус";"Большая книга";"Финалист. Короткий список";"919204542";
"71";"2018";"Радуга и вереск";"Олег Ермаков";"2018";"16+";"Время";"Большая книга";"Финалист. Короткий список";"919204672";
"72";"2018";"Рецепты сотворения мира. От Парижа до Сибири через весь ХХ век";"Андрей Филимонов";"2018";"18+";"АСТ";"Большая книга";"Финалист. Короткий список";"919204766";
"73";"2018";"Мультимедийная журналистика. Учебник для вузов";"Анна Качкаева Светлана Шомова Андрей Мирошниченко";"2018";"0+";"Высшая школа экономики";"Книга года";"Учебник ХХ1 века. Победитель";"919204943";
"74";"2018";"Теремок. Графическая история";"Игорь Олейников";"2018";"16+";"Манн, Иванов и Фербер";"Книга года";"Вместе с книгой мы растем. Победитель";"919204944";
"75";"2018";"Прыжок в длину";"Ольга Славникова";"2018";"16+";"АСТ";"Книга года и Ясная поляна";"Проза года. Современная русская проза. Победитель";"919204957";
"76";"2018";"История Крыма";"";"2017";"0+";"Институт российской истории";"Книга года";"Humanitas. Победитель";"919206405";
"77";"2018";"Нарисованная Москва";"Алена Дергилева";"2017";"0+";"Контакт-культура";"Книга года";"Арт-книга. Победитель";"919206407";
"78";"2018";"Мяч в игре";"Алексей Дурново";"2018";"6+";"Белая ворона";"Книга года";"Книга и футбол. Победитель";"919206418";
"79";"2018";"Смерть Артура";"Сэр Томас Мэлори";"2018";"0+";"Октопус";"Книга года";"Искусство книгопечатания. Победитель";"919206574";
"80";"2018";"Иуда";"Амос Оз";"2017";"16+";"Фантом Пресс";"Ясная поляна";"Иностранная литература. Победитель";"919207255";
"81";"2018";"Праздник лишних орлов";"Александр Бушковский";"2017";"18+";"Рипол классик";"Ясная поляна";"Финалист. Короткий список";"919209400";
"82";"2018";"Петровы в гриппе и вокруг него";"Алексей Сальников";"2018";"18+";"АСТ";"Национальный бестселлер";"Прозаическое произведение, обладающего недореализованным потенциалом «интеллектуального бестселлера». Лауреат.";"919209449";
"83";"2018";"Была бы дочь Анастасия";"Василий Аксенов";"2018";"16+";"Лимбус пресс";"Национальный бестселлер";"Финалист. Короткий список";"919209471";
"85";"2018";"Посмотри на него";"Анна Старобинец";"2017";"16+";"Corpus (АСТ)";"Национальный бестселлер";"Финалист. Короткий список";"919214913";
"86";"2018";"Манарага";"Владимир Сорокин";"2017";"18+";"Corpus (АСТ)";"НОС (Новая словесность)";"Новые тренды в современной художественной словесности на русском языке. Победитель";"919214916";
"87";"2018";"Предатель ада";"Павел Пепперштейн";"2018";"18+";"НЛО";"Премия Андрея Белого";"Проза. Победитель";"919214917";
"88";"2018";"Желание исчезнуть";"Константин Куприянов";"2018";"18+";"Издательские решения";"Лицей";"Проза. 1 место";"919214976";
"89";"2018";"Ложь Гамлета";"Игорь Савельев";"2018";"18+";"Издательские решения";"Лицей";"Проза. 2 место";"919214992";
"90";"2018";"Дистимия";"Булат Ханов";"2018";"18+";"Издательские решения";"Лицей";"Проза. 3 место";"919214993";
"94";"2018";"От атомов к древу: Введение в современную науку о жизни";"Сергей Ястребов";"2018";"12+";"Альпина нон-фикшн";"Просветитель";"Естественные и точные науки. Победитель";"919216580";
"95";"2018";"Страдающее средневековье";"Сергей Зотов Михаил Майзульс Дильшата Харман";"2018";"16+";"АСТ";"Просветитель";"Гуманитарные науки. Победитель";"919216581";
"96";"2018";"Байки из грота: 50 историй из жизни древних людей";"Станислав Дробышевский";"2018";"12+";"Альпина нон-фикшн";"Просветитель";"Финалист. Короткий список";"919216582";
"97";"2018";"Несовременная страна. Россия в мире ХХI века";"Владислав Иноземцев";"2018";"16+";"Альпина Паблишер";"Просветитель";"Финалист. Короткий список";"919216690";
"98";"2018";"1917. Семнадцать очерков по истории российской революции";"Борис Колоницкий";"2017";"16+";"Издательство Европейского университета в Санкт-Петербурге";"Просветитель";"Финалист. Короткий список";"919216692";
"99";"2018";"Математика для гуманитариев. Живые лекции";"Алексей Савватеев";"2018";"0+";"Университет Дмитрия Пожарского";"Просветитель";"Финалист. Короткий список";"919216694";
"100";"2018";"Кавказская война. Семь историй";"Амиран Урушадзе";"2018";"16+";"НЛО";"Просветитель";"Финалист. Короткий список";"919216696";
"101";"2018";"Воля и самоконтроль. Как гены и мозг мешают нам бороться с соблазнами";"Ирина Якутенко";"2018";"12+";"Альпина нон-фикшн";"Просветитель";"Финалист. Короткий список";"919216697";
"102";"2018";"Теория невероятностей";"Виктория Ледерман";"2018";"6+";"КомпасГид";"КНИГУРУ";"Лучшее произведение для детей и юношества. 2 место";"919216698";
"91";"2018";"Лицей 2018. Номинация «Поэзия»";"Андрей Фамицкий";"2018";"18+";"Издательские решения";"Лицей";"Поэзия. 1 место";"919216700";
"92";"2018";"Лицей 2018. Номинация «Поэзия»";"Елена Жамбалова";"2018";"18+";"Издательские решения";"Лицей";"Поэзия. 2 место";"919216701";
"93";"2018";"Лицей 2018. Номинация «Поэзия»";"Софья Серебрякова";"2018";"18+";"Издательские решения";"Лицей";"Поэзия. 3 место";"919216702";
"103";"2019";"Финист - ясный сокол";"Рубанов Андрей Викторович";"2019";"18+";"АСТ";"Национальный бестселлер";"Лауреат";"1035304875";
"104";"2019";"Я буду всегда с тобой";"Етоев Александр Васильевич";"2019";"16+";"Азбука";"Национальный бестселлер";"Номинант";"1035304877";
"105";"2019";"Четверо";"Пелевин Александр Сергеевич";"2018";"16+";"Пятый Рим";"Национальный бестселлер";"Номинант";"1035304879";
"106";"2019";"XX век представляет. Кадры и кадавры";"Трофименков Михаил Сергеевич";"2018";"18+";"Флюид";"Национальный бестселлер";"Номинант";"1035304931";
"107";"2019";"Калечина-Малечина";"Евгения Некрасова";"2018";"18+";"АСТ";"Национальный бестселлер";"Номинант";"1035304939";
"108";"2019";"Славянские отаку";"Упырь Лихой";"2018";"18+";"Флюид";"Национальный бестселлер";"Номинант";"1035304945";
"109";"2019";"Переговоры с монстрами. Как договориться с сильными мира сего";"Рызов Игорь Романович";"2018";"12+";"Бомбора";"Деловая книга года в России";"Лауреат номинации «Лучшая книга российского автора»";"1035304950";
"110";"2019";"Рискуя собственной шкурой. Скрытая асимметрия повседневной жизни";"Талеб Нассим Николас";"2018";"18+";"КоЛибри";"Деловая книга года в России";"Лауреат номинации «Лучшая книга зарубежного автора, изданная в России»";"1035304956";
"111";"2019";"Венедикт Ерофеев: посторонний";"Лекманов Олег Андершанович Свердлов Михаил Игоревич Симановский Илья Григорьевич";"2019";"18+";"АСТ";"Большая книга";"Лауреат";"1035304979";
"112";"2019";"Дни Савелия";"Григорий Служитель";"2019";"16+";"АСТ";"Большая книга";"Лауреат";"1035304982";
"113";"2019";"Дети мои";"Гузель Яхина";"2019";"16+";"АСТ";"Большая книга";"Лауреат";"1035304990";
"114";"2019";"Опосредованно";"Сальников Алексей Борисович";"2019";"18+";"АСТ";"Большая книга";"Номинант";"1035304994";
"115";"2019";"Жизнь А.Г.";"Ставецкий Вячеслав Викторович";"2019";"16+";"АСТ";"Большая книга";"Номинант";"1035304996";
"116";"2019";"Брисбен";"Водолазкин Евгений Германович";"2019";"16+";"АСТ";"Большая книга";"Номинант";"1035305003";
"117";"2019";"Собаки Европы";"Бахаревич Ольгерд Иванович";"2019";"18+";"Время";"Большая книга";"Номинант";"1035305110";
"118";"2019";"Рай земной";"Сухбат Афлатуни";"2019";"16+";"Эксмо";"Большая книга";"Номинант";"1035305120";
"119";"2019";"Дождь в Париже";"Сенчин Роман Валерьевич";"2018";"16+";"АСТ";"Большая книга";"Номинант";"1035305945";
"120";"2019";"Все, способные дышать дыхание";"Линор Горалик";"2018";"18+";"АСТ";"Большая книга";"Номинант";"1035305949";
"121";"2019";"Держаться за землю";"Самсонов Сергей Анатольевич";"2018";"18+";"Пальмира";"Ясная поляна";"Лауреат номинации «Современная русская проза»";"1035305953";
"122";"2019";"Дорога на Астапово";"Березин Владимир Сергеевич";"2018";"18+";"АСТ";"Ясная поляна";"Номинация «Современная русская проза»";"1035305955";
"123";"2019";"Небесный почтальон Федя Булкин";"Николаенко Александра Вадимовна";"2019";"16+";"АСТ";"Ясная поляна";"Номинация «Современная русская проза»";"1035305957";
"124";"2019";"Искусство воскрешения";"Летельер Эрнан Ривера";"2017";"16+";"Издательство Ивана Лимбаха";"Ясная поляна";"Лауреат номинации «Иностранная литература»";"1035305962";
"125";"2019";"Одна история";"Джулиан Барнс";"2018";"16+";"Азбука";"Ясная поляна";"Номинация «Иностранная литература»";"1035305965";
"126";"2019";"Сочувствующий";"Вьет Нгуен Тхань";"2019";"16+";"АСТ";"Ясная поляна";"Номинация «Иностранная литература»";"1035305966";
"127";"2019";"Бегуны";"Ольга Токарчук";"2018";"18+";"Эксмо";"Ясная поляна";"Номинация «Иностранная литература»";"1035305968";
"128";"2019";"Срединная Англия";"Джонатан Коу";"2019";"18+";"Фантом Пресс";"Ясная поляна";"Номинация «Иностранная литература»";"1035305969";
"129";"2019";"Эмпайр Фоллз";"Ричард Руссо";"2018";"16+";"Фантом Пресс";"Ясная поляна";"Номинация «Иностранная литература»";"1035305970";
"130";"2019";"Красота - это горе";"Курниаван Эка";"2018";"18+";"Фантом Пресс";"Ясная поляна";"Номинация «Иностранная литература»";"1035305971";
"131";"2019";"0,05. Доказательная медицина. От магии до поисков бессмертия";"Талантов Петр Валентинович";"2019";"12+";"АСТ";"Просветитель";"Лауреат номинации «Естественные и точные науки»";"1035305972";
"132";"2019";"Астрономия. Популярные лекции";"Сурдин Владимир Георгиевич";"2019";"18+";"МЦИМО";"Просветитель";"Номинация «Естественные и точные науки»";"1035305973";
"133";"2019";"100 рассказов из истории медицины";"Шифрин Михаил";"2019";"16+";"Альпина Паблишер";"Просветитель";"Номинация «Естественные и точные науки»";"1035305974";
"134";"2019";"ДНК и ее человек";"Клещенко Елена";"2019";"16+";"Альпина нон-фикшн";"Просветитель";"Номинация «Естественные и точные науки»";"1035305975";
"135";"2019";"На нервной почве";"Бранд Павел";"2019";"12+";"АСТ";"Просветитель";"Номинация «Естественные и точные науки»";"1035305976";
"136";"2019";"Алхимия советской индустриализации";"Осокина Елена";"2019";"12+";"НЛО";"Просветитель";"Лауреат номинации «Гуманитарные науки»";"1035305977";
"137";"2019";"Держава и топор";"Анисимов Евгений Викторович";"2019";"18+";"НЛО";"Просветитель";"Номинация «Гуманитарные науки»";"1035305978";
"138";"2019";"Драма Памяти. Очерки истории российской драматургии";"Руднев Павел";"2018";"0+";"НЛО";"Просветитель";"Номинация «Гуманитарные науки»";"1035305979";
"139";"2019";"Полчаса музыки. Как понять и полюбить классику";"Кандаурова Ляля";"2018";"16+";"Альпина Паблишер";"Просветитель";"Номинация «Гуманитарные науки»";"1035306011";
"140";"2019";"Собибор. Послесловие";"Симкин Лев Семенович";"2019";"0+";"АСТ";"Просветитель";"Номинация «Гуманитарные науки»";"1035306038";
"141";"2019";"Государство, или Цена порядка";"Волков Вадим";"2018";"12+";"Издательство Европейского университета в Санкт-Петербурге";"Просветитель";"Номинация «Гуманитарные науки»";"1035306101";
"142";"2019";"Злоречие. Иллюстрированная история";"Щербинина Юлия";"2019";"0+";"Неолит";"Просветитель";"Номинация «Гуманитарные науки»";"1035306170";
"143";"2019";"Дом правительства. Сага о русской революции";"Слёзкин Юрий Львович";"2019";"12+";"АСТ";"Просветитель";"Лауреат номинации «Неформат»";"1035306176";
"144";"2019";"В поисках мальчишеского бога";"Ищенко Дмитрий";"2019";"12+";"КомпасГид";"Международная детская литературная премия имени В.П. Крапивина";"Лауреат номинации «Выбор детского жюри»";"1035306177";
"145";"2019";"Фрида Кало. История про художницу, которая нарисовала себя и свою жизнь";"Анна Герасименко";"2019";"0+";"Клевер-медиа Групп";"Книга года";"Лауреат номинации «Вместе с книгой мы растем»";"1035306179";
"146";"2019";"Дмитрий Менделеев";"Лисаченко Алексей";"2019";"0+";"Клевер-медиа Групп";"Книга года";"Лауреат номинации «Вместе с книгой мы растем»";"1035306180";
"147";"2019";"Юрий Гагарин. История о том, как обычный мальчик стал первым космонавтом";"Лисаченко Алексей";"2019";"0+";"Клевер-медиа Групп";"Книга года";"Лауреат номинации «Вместе с книгой мы растем»";"1035306181";
"148";"2019";"Валентина Терешкова. История о том, как целеустремлённость открывает дорогу к звёздам";"Герасименко Анна";"2019";"0+";"Клевер-медиа Групп";"Книга года";"Лауреат номинации «Вместе с книгой мы растем»";"1035306182";
"149";"2019";"Майя Плисецкая. История о том, как маленькая мечтательница стала великой балериной";"Герасименко Анна";"2019";"0+";"Клевер-медиа Групп";"Книга года";"Лауреат номинации «Вместе с книгой мы растем»";"1035306183";
"150";"2019";"Софья Ковалевская. История о том, как настойчивость и талант открывают путь в мир науки";"Герасименко Анна";"2019";"0+";"Клевер-медиа Групп";"Книга года";"Лауреат номинации «Вместе с книгой мы растем»";"1035306184";
"151";"2019";"Небесная лиса: стихотворения и поэмы";"Воденников Дмитрий";"2018";"16+";"Азбука";"Книга года";"Лауреат номинации «Поэзия года»";"1035306185";
"152";"2019";"500 неизвестных";"Кибовский Александр Владимирович";"2019";"12+";"Фонд «Русские Витязи»";"Книга года";"Лауреат номинации «HUMANITAS»";"1035306186";
"153";"2019";"Чёрный рейд";"Яковлев Александр";"2017";"12+";"Искусство XXI век";"Книга года";"Лауреат номинации «ART-книга»";"1035306187";
"154";"2019";"Желтый рейд";"Яковлев Александр";"2019";"12+";"Искусство XXI век";"Книга года";"Лауреат номинации «ART-книга»";"1035306188";
"155";"2019";"Неизвестный Станиславский. Материалы к постановкам, мотивы декораций, эскизы костюмов, гримы";"Бубнова Марфа Николаевна";"2018";"12+";"Бослен";"Книга года";"Лауреат номинации «Искусство книгопечатания»";"1035306189";
"156";"2019";"Большой театр и музей. 1918–2018. Из коллекции Музея Государственного академического Большого театра России";"Харина Лидия Глебовна Чуракова Екатерина Алексеевна";"2019";"16+";"Кучково Поле";"Книга года";"Лауреат номинации «Мельпомена и Талия»";"1035306191";
"157";"2019";"О Данииле Гранине. Воспоминания";"Соколовская Наталия-редактор";"2019";"16+";"Вита-Нова";"Книга года";"Лауреат номинации «Книга года»";"1035306224";
"158";"2019";"Говорит и показывает Россия";"Аркадий Островский";"2019";"12+";"АСТ";"Либмиссия";"Лауреат номинации «Аналитика»";"1035306225";
"159";"2019";"Лицей 2019. Третий выпуск";"Коллектив авторов";"2019";"18+";"АСТ";"Литературная премия «Лицей» имени Александра Пушкина для молодых писателей и поэтов";"Сборник произведений-лауреатов (произведений-победителей премии)";"1035306226";
"160";"2019";"Нью-йоркский обход";"Стесин Александр";"2019";"12+";"НЛО";"НОС (Новая словесность)";"Лауреат";"1035306227";
"161";"2019";"Собиратель рая";"Чижов Евгений";"2019";"16+";"АСТ";"НОС (Новая словесность)";"Номинант";"1035306228";
"162";"2019";"Мироныч, дырник и жеможаха. Рассказы о Родине";"Cиницкая Софья";"2019";"16+";"Лимбус Пресс";"НОС (Новая словесность)";"Номинант";"1035306229";
"163";"2019";"Тайна нашего времени";"Пепперштейн Павел";"2018";"18+";"Музей современного искусства «Гараж»";"НОС (Новая словестность)";"Номинант";"1035306230";
"164";"2019";"Поднебесный экспресс";"Кобрин Кирилл Рафаилович";"2019";"18+";"НЛО";"НОС (Новая словестность)";"Номинант";"1035306240";
"165";"2019";"Восстание";"Кононов Николай В";"2019";"16+";"Новое издательство";"НОС (Новая словестность)";"Номинант";"1035306249";
"166";"2019";"Путеводитель по N";"Скидан Александр";"2018";"16+";"Носорог";"НОС (Новая словестность)";"Номинант";"1035306250";
"167";"2019";"Вторжение. Краткая история русских хакеров";"Туровский Даниил";"2019";"18+";"Individuum";"НОС (Новая словестность)";"Номинант";"1035306252";
"168";"2019";"Жизнь Алексея: Диалоги";"Ярин Александр";"2018";"16+";"Издательство Ивана Лимбаха";"НОС (Новая словестность)";"Номинант";"1035306254";
"169";"2020";"Насквозь";"Громова Наталия";"2020";"0+";"ArsisBooks";"Большая книга";"Номинант";"1124001765";
"170";"2020";"Как устроен город";"Ревзин Григорий";"2019";"0+";"Strelka Press";"Просветитель";"Номинация «Гуманитарные науки»";"1124001843";
"171";"2020";"Язык тела. Позы и жесты в искусстве";"Моррис Десмонд";"2019";"0+";"Ад Маргинем Пресс";"Просветитель";"Номинация «Гуманитарные науки»";"1124001879";
"172";"2020";"Концертмейстер";"Замшев Максим";"2020";"16+";"Азбука";"Книга года";"Номинация «Проза года» Победитель";"1124001945";
"173";"2020";"Альтруисты";"Ридкер Эндрю";"2019";"18+";"Азбука";"Ясная поляна";"Номинация «Иностранная литература» Лонг-лист";"1124002057";
"174";"2020";"Жизни, которые мы не прожили";"Рой Анурадха";"2019";"16+";"Азбука";"Ясная поляна";"Номинация «Иностранная литература» Лонг-лист";"1124002191";
"175";"2020";"Потрясающие приключения Кавалера и Клея";"Шейбон Майкл";"2019";"18+";"Азбука";"Ясная поляна";"Номинация «Иностранная литература» Лонг-лист";"1124002346";
"176";"2020";"Утопия для реалистов: Как построить идеальный мир";"Брегман Рутгер";"2020";"12+";"Альпина";"Просветитель";"Номинация «Гуманитарные науки»";"1124002393";
"177";"2020";"Хлопок одной ладонью. Как неживая природа породила человеческий разум.";"Кукушкин Николай";"2020";"16+";"Альпина";"Просветитель";"Номинация «Естественные и точные науки»";"1124002443";
"178";"2020";"Критическое мышление. Железная логика на все случаи жизни";"Непряхин Никита";"2020";"12+";"Альпина";"Просветитель";"Teen Talks Номинант";"1124002503";
"179";"2020";"Биология добра и зла: Как наука объясняет наши поступки";"Сапольски Роберт";"2019";"16+";"Альпина";"Просветитель";"Номинация «Естественные и точные науки»";"1124003033";
"180";"2020";"Странная обезьяна. Куда делась шерсть и почему люди разного цвета";"Соколов Александр";"2020";"12+";"Альпина";"Просветитель";"Номинация «Естественные и точные науки»";"1124003100";
"181";"2020";"Средневековая Европа : От падения Рима до Реформации";"Уикхем Крис";"2019";"12+";"Альпина";"Просветитель";"Номинация «Гуманитарные науки»";"1124003234";
"182";"2020";"Чертёж Ньютона";"Иличевский Александр";"2019";"16+";"АСТ";"Большая книга";"Номинант";"1124003433";
"183";"2020";"Черное море. Колыбель цивилизации и варварства";"Ашерсон Нил";"2017";"0+";"АСТ";"Просветитель";"Номинация «Гуманитарные науки»";"1124003540";
"184";"2020";"Олег Куваев: повесть о нерегламентированном человеке";"Авченко Василий Коровашко Алексей";"2019";"16+";"АСТ";"Большая книга";"Номинант";"1124003655";
"185";"2020";"Земля";"Елизаров Михаил";"2019";"18+";"АСТ";"Национальный бестселлер";"Лауреат";"1124003718";
"186";"2020";"Чуров и Чурбанов";"Букша Ксения";"2020";"18+";"АСТ";"Большая книга";"Номинант";"1124003758";
"187";"2020";"Добыть Тарковского. Неинтеллигентные рассказы";"Селуков Павел";"2019";"18+";"АСТ";"Большая книга";"Номинант";"1124003808";
"188";"2020";"Фактологичность";"Рослинг Ханс";"2020";"12+";"АСТ";"Просветитель";"Номинация «Естественные и точные науки»";"1124003857";
"189";"2020";"Как называются женщины";"Фуфаева Ирина";"2020";"12+";"АСТ";"Просветитель";"Номинация «Гуманитарные науки»";"1124003912";
"190";"2020";"Бывшая Ленина";"Идиатуллин Шамиль";"2019";"16+";"АСТ";"Большая книга";"Лауреат";"1124004020";
"191";"2020";"Лицей 2020";"Коллектив авторов";"2020";"18+";"АСТ";"Лицей";"Сборник произведений лауреатов";"1124004123";
"192";"2020";"Якутский холод";"Угаров Г Андросова Н Семенова У";"2019";"12+";"Бичик";"Книга года";"Номинация «Non-fiction» Победитель";"1124004197";
"193";"2020";"Отсчет времени обратный";"Павлов Олег";"2020";"18+";"Время";"Ясная поляна";"Номинация «Событие» Лауреат";"1124004213";
"194";"2020";"Рассказы про Россию 1861-1922: книжка для чтения";"Чудакова Мариэтта";"2020";"12+";"Время";"Просветитель";"Teen Talks номинант";"1124004221";
"195";"2020";"Ироническая империя. Риск, шанс и догмы Системы РФ";"Павловский Глеб";"2019";"0+";"Европа";"Премия Александра Пятигорского";"Лауреат";"1124004232";
"196";"2020";"Цивилизация, или Война миров (серия «Азбука понятий»)";"Велижев Михаил";"2019";"0+";"ЕУСпБ";"Просветитель";"Спец. премия за серию";"1124004254";
"197";"2020";"Деньги, или Золотая антилопа (серия «Азбука понятий»)";"Вымятнина Юлия";"2019";"0+";"ЕУСпБ";"Просветитель";"Спец. премия за серию";"1124004263";
"198";"2020";"Автократия, или Одиночество власти (серия «Азбука понятий»)";"Голосов Григорий";"2019";"0+";"ЕУСпБ";"Просветитель";"Спец. премия за серию";"1124004268";
"199";"2020";"Патриотизм, или Дым отечества (серия «Азбука понятий»)";"Кром Михаил";"2020";"0+";"ЕУСпБ";"Просветитель";"Спец. премия за серию";"1124004280";
"200";"2020";"Война, или В плену насилия (серия «Азбука понятий»)";"Куманьков Арсений";"2019";"0+";"ЕУСпБ";"Просветитель";"Спец. премия за серию";"1124004286";
"201";"2020";"История, или Прошлое в настоящем (серия «Азбука понятий»)";"Курилла Иван";"2020";"0+";"ЕУСпБ";"Просветитель";"Спец. премия за серию";"1124004307";
"202";"2020";"Нация, или Могущество мифа (серия «Азбука понятий»)";"Миллер Алексей";"2020";"0+";"ЕУСпБ";"Просветитель";"Спец. премия за серию";"1124004312";
"203";"2020";"Республика, или Дело публики (серия «Азбука понятий»)";"Хархордин Олег";"2020";"0+";"ЕУСпБ";"Просветитель";"Спец. премия за серию";"1124004319";
"204";"2020";"Общественное мнение, или Власть цифр (серия «Азбука понятий»)";"Юдин Григорий";"2020";"0+";"ЕУСпБ";"Просветитель";"Спец. премия за серию";"1124004325";
"205";"2020";"Генерал и его семья";"Кибиров Тимур";"2020";"18+";"Индивидуум";"Большая книга";"Шорт-лист";"1124004331";
"206";"2020";"Воспоминания (серия «Материалы к биографии»)";"Конашевич Владимир";"2019";"12+";"Красный пароход";"Книга года";"Номинация «ART-книга» Победитель";"1124004340";
"207";"2020";"Этюды об искусстве (серия «Материалы к биографии»)";"Маврина Татьяна";"2019";"18+";"Красный пароход";"Книга года";"Номинация «ART-книга» Победитель";"1124004409";
"208";"2020";"Первый из группы «13» (серия «Материалы к биографии»)";"Милашевский Владимир";"2019";"18+";"Красный пароход";"Книга года";"Номинация «ART-книга» Победитель";"1124004530";
"209";"2020";"Сияние «жеможаха»";"Синицкая София";"2020";"16+";"Лимбус";"Большая книга";"Шорт-лист";"1124004537";
"210";"2020";"Почти человек. Как открытие Homo naledi изменило нашу историю";"Бергер Ли Хокс Джон";"2020";"16+";"Манн, Иванов и Фербер";"Просветитель";"Шорт-лист";"1124004565";
"211";"2020";"Есенин";"Прилепин Захар";"2020";"18+";"Молодая гвардия";"Книга года";"Номинация «Humanitas» Победитель";"1124004572";
"212";"2020";"Искусственный интеллект и мозг человека";"Губайловский Владимир";"2019";"0+";"Наука";"Просветитель";"Шорт-лист";"1124004579";
"213";"2020";"Библиотека литературы Древней Руси. Т. 1. XI - XII века";"Антология";"2016";"0+";"Наука";"Книга года";"Гран-при";"1124004595";
"214";"2020";"Библиотека литературы Древней Руси. Т. 2. XI - XII века";"Антология";"2016";"0+";"Наука";"Книга года";"Гран-при";"1124004602";
"215";"2020";"Библиотека литературы Древней Руси. Т. 3. XI - XII века";"Антология";"2016";"0+";"Наука";"Книга года";"Гран-при";"1124004617";
"216";"2020";"Библиотека литературы Древней Руси. Т. 4. XII век";"Антология";"2016";"0+";"Наука";"Книга года";"Гран-при";"1124004629";
"217";"2020";"Библиотека литературы Древней Руси. Т. 5. XIII век";"Антология";"2016";"0+";"Наука";"Книга года";"Гран-при";"1124004715";
"218";"2020";"Библиотека литературы Древней Руси. Т. 6. XIV - сер. XV века";"Антология";"2016";"0+";"Наука";"Книга года";"Гран-при";"1124004787";
"219";"2020";"Библиотека литературы Древней Руси. Т.10. XVI век";"Антология";"2004";"0+";"Наука";"Книга года";"Гран-при";"1124004795";
"220";"2020";"Библиотека литературы Древней Руси. Т.11. XVI век";"Антология";"2016";"0+";"Наука";"Книга года";"Гран-при";"1124004801";
"221";"2020";"Библиотека литературы Древней Руси. Т.12. XVI век";"Антология";"2003";"0+";"Наука";"Книга года";"Гран-при";"1124004805";
"222";"2020";"Библиотека литературы Древней Руси. Т.13. XVI век";"Антология";"2006";"0+";"Наука";"Книга года";"Гран-при";"1124004811";
"223";"2020";"Библиотека литературы Древней Руси. Т.14. Конец XVI-нач. XVII века";"Антология";"2016";"0+";"Наука";"Книга года";"Гран-при";"1124004823";
"224";"2020";"Библиотека литературы Древней Руси. Т.15. XVII век";"Антология";"2006";"0+";"Наука";"Книга года";"Гран-при";"1124004828";
"225";"2020";"Библиотека литературы Древней Руси. Т.16. XVII век";"Антология";"2016";"0+";"Наука";"Книга года";"Гран-при";"1124004834";
"226";"2020";"Библиотека литературы Древней Руси. Т.17. XVII век";"Антология";"2013";"0+";"Наука";"Книга года";"Гран-при";"1124004839";
"227";"2020";"Библиотека литературы Древней Руси. Т.18. XVII век";"Антология";"2014";"0+";"Наука";"Книга года";"Гран-при";"1124004846";
"228";"2020";"Библиотека литературы Древней Руси. Т.19. XVII век";"Антология";"2015";"0+";"Наука";"Книга года";"Гран-при";"1124004852";
"229";"2020";"Библиотека литературы Древней Руси. Т.20. XI - XII века";"Антология";"2016";"0+";"Наука";"Книга года";"Гран-при";"1124004859";
"230";"2020";"Библиотека литературы Древней Руси. Т.7. Вторая пол. XV века";"Антология";"2005";"0+";"Наука";"Книга года";"Гран-при";"1124004864";
"231";"2020";"Библиотека литературы Древней Руси. Т.8. XIV - первая пол. XVI века";"Антология";"2003";"0+";"Наука";"Книга года";"Гран-при";"1124004868";
"232";"2020";"Библиотека литературы Древней Руси. Т.9. XV - первая пол. XVI века";"Антология";"2006";"0+";"Наука";"Книга года";"Гран-при";"1124004874";
"233";"2020";"Космос. Иллюстрированная история астрономии и космологии";"Норт Джон";"2020";"0+";"Новое литературное обозрение";"Просветитель";"Номинация «Естественные и точные науки»";"1124004880";
"234";"2020";"Время банкетов: Политика и символика одного поколения (1818–1848)";"Робер Венсан";"2019";"0+";"Новое литературное обозрение";"Просветитель";"Номинация «Гуманитарные науки»";"1124004887";
"235";"2020";"Оттепель: События. Март 1953 – август 1968 года";"Чупринин Сергей";"2020";"0+";"Новое литературное обозрение";"Просветитель";"Номинация «Гуманитарные науки»";"1124004894";
"236";"2020";"Банк 4.0: Новая финансовая реальность";"Бретт Кинг";"2020";"12+";"Олимп-бизнес";"Деловая книга года в России";"Лауреат «Лучшая книга зарубежного автора»";"1124004899";
"237";"2020";"Маленькая книга о черных дырах";"Габсер Стивен Преториус Франс";"2019";"16+";"Питер";"Просветитель";"Номинация «Естественные и точные науки»";"1124004906";
"238";"2020";"Суд народов";"Звягинцев Александр";"2020";"16+";"Рипол Классик";"Книга года";"Номинация «День победы» Победитель";"1124004912";
"239";"2020";"И звук и отзвук: из разных книг";"Чухонцев Олег";"2020";"18+";"Рутения (БСГ)";"Книга года";"Номинация «Поэзия года» Победитель";"1124004918";
"240";"2020";"Джеймс Миранда Барри";"Данкер Патрисия";"2020";"16+";"Синдбад";"Ясная поляна";"Номинация «Иностранная литература» Лауреат";"1124004925";
"241";"2020";"Рассказы о двукрылых";"Вихрев Никита";"2019";"12+";"Фитон";"Просветитель";"Номинация «Естественные и точные науки»";"1124004930";
"242";"2020";"Предместья мысли. Философическая прогулка";"Макушинский Алексей";"2020";"16+";"Эксмо";"Большая книга";"Выбор народного читательского голосования";"1124004935";
"243";"2020";"Молочник";"Бернс Анна";"2019";"18+";"Эксмо";"Ясная поляна";"Номинация «Иностранная литература» Лонг-лист";"1124004941";
"244";"2020";"Средневековье крупным планом";"Воскобойников Олег";"2020";"12+";"Эксмо";"Просветитель";"Номинация «Гуманитарные науки»";"1124004948";
"245";"2020";"Наполеонов обоз, кн.1";"Рубина Дина";"2019";"18+";"Эксмо";"Большая книга";"Выбор народного читательского голосования";"1124005014";
"246";"2020";"Наполеонов обоз, кн.2";"Рубина Дина";"2019";"18+";"Эксмо";"Большая книга";"Выбор народного читательского голосования";"1124005080";
"247";"2020";"Наполеонов обоз, кн.3";"Рубина Дина";"2019";"18+";"Эксмо";"Большая книга";"Выбор народного читательского голосования";"1124005113";
"248";"2020";"Стартап на миллиард. Пошаговое руководство по созданию диджитал-бизнеса";"Спиридонов Максим Макович Вячеслав";"2019";"16+";"Эксмо";"Деловая книга года в России";"Лауреат «Лучшая книга российского автора»";"1124005123";
"249";"2020";"Драйверы роста. Как средней компании стать гигантом";"Молчанов Николай";"2019";"16+";"Эксмо";"Деловая книга года в России";"Лауреат «Лучшая книга в помощь бизнесу»";"1124005130";
